电影名称,导演,演员
""
""
电影名称,导演,演员
Chapter X Live [VHS]
Cedarmont Kids: Action Bible Songs - 17 Classic Christian Songs for Kids Over 30 Minutes of Live Action Sing-A-Long Video VHS,Cedarmont Kids
Steve Green: Hide 'em in Your Heart Volume 2: 13 Bible Memory Music Videos for Children VHS
Cathedral Quartet: A Reunion VHS
An American Christmas Carol VHS
Frosty Returns VHS,"Bill Melendez, Evert Brown","Jonathan Winters, Jan Hooks, Andrea Martin, Brian Doyle-Murray, Elisabeth Moss"
A NATION ADRIFT A Chronicle of America's Providential Heritage VHS,"Barkley, Brian","Kane, Tom"
Santa Claus Is Comin' To Town VHS,"Arthur Rankin Jr., Jules Bass","Fred Astaire, Mickey Rooney, Keenan Wynn, Paul Frees, Joan Gardner"
Jesus VHS,"John Kirsh, Peter Sykes",Brian Deacon
The Parables of Jesus: Six In-depth Studies Connecting the Bible to Life Deeper Connections
"Covenants, Kings, and the Promised Land: From Egypt to Qumran"
Arthur's Perfect Christmas VHS,Arthur
""
""
The ADVENTISTS,Martin Doblmeier
"Paul Gilbert: Intense Rock, Vol. 1 and 2","Gilbert, Paul"
George Lucas in Love
Sesame Street: 123 Count with Me,"Emily Squires, Ted May, Lisa Simon, Jon Stone","Caroll Spinney, Kevin Clash, Steve Whitmire, Frank Oz, Jim Henson"
Hab It: Pelvic Floor,"PT Partners, LLC",Tasha Mulligan
Discovering America's Founders,Dave Stotts,Dave Stotts
Tonya Larson - Power. Stretch & Sculpt
Crunch - The Joy of Yoga VHS,Dragonfly Productions
Condorman VHS,Charles Jarrott,"Michael Crawford, Oliver Reed, Barbara Carrera, James Hampton, Jean-Pierre Kalfon"
The Evolving Bassist,"Landers, Tim","Reid, Rufus"
Great Expectations VHS,Julian Jarrold,"Ioan Gruffudd, Justine Waddell, Charlotte Rampling, Laura Aikman, Nicholas Blane"
Touching Evil 2 VHS,"Sheree Folkson, Rachel Talalay, Alex Pillai","Robson Green, Nicola Walker, Shaun Dingwall, Michael Feast, Joe Tucker"
Take the Money and Run VHS,"Allen, Margolin"
Hell in the Pacific VHS,John Boorman,"Lee Marvin, Toshirô Mifune"
Upstairs Downstairs - The Fourth Season VHS,"Bill Bain, Christopher Hodson, Cyril Coke, Derek Bennett, Raymond Menmuir","Gordon Jackson, Jean Marsh, David Langton, Meg Wynn Owen, Joan Benham"
The Potty Movie for Girls: Hannah Edition
The Very Best of the Bob Newhart Show 6 VHS,"Bob Newhart, Suzanne Pleshette, Bill Daily, Marcia Wallace, Peter Bonerz"
The Avengers
"Avengers '66 - Set 2, Vols. 3 & 4","Patrick Macnee, Diana Rigg, Honor Blackman, Linda Thorson, Ian Hendry"
Jane Eyre,Robert Young,"Samantha Morton, Ciaran Hinds, Gemma Jones, Timia Berthome, Deborah Findlay"
Paul Taylor: Dancemaker,Matthew Diamond,"Paul Taylor, Andrew Asnes, Rachel Berman Benz, Ross Kramberg, Thomas Patrick"
Upstairs Downstairs Complete Series A&E
The Crossing VHS,Robert Harmon,"Jeff Daniels, Roger Rees, Sebastian Roché, Steven McCarthy, John Henry Canavan"
The Golden Spiders: A Nero Wolfe Mystery VHS,Bill Duke,"Maury Chaykin, Timothy Hutton, Bill Smitrovich, Mimi Kuzyk, Colin Fox"
World War II - The Lost Color Archives VHS,World War II-Lost Color Archiv
Monty Python's Flying Circus - Season 2 VHS,Ian MacNaughton,"Graham Chapman, John Cleese, Terry Gilliam, Eric Idle, Terry Jones"
Roman War Machine VHS,Roman War Machine
Men With Guns VHS,John Sayles,"Federico Luppi, Damián Delgado, Dan Rivera González, Tania Cruz, Damián Alcázar"
Air Force One,Wolfgang Petersen,"Harrison Ford, Gary Oldman, Wendy Crewson, Paul Guilfoyle, William Macy"
Idle Hands VHS,Rodman Flender,"Devon Sawa, Seth Green, Elden Henson, Jessica Alba, Vivica A. Fox"
Spice World,Bob Spiers,"Victoria Adams, Emma Lee Bunton, Melanie Jayne Chisholm, Geri Estelle Hallwell, Melanie Brown"
Close Encounters of the Third Kind VHS,Steven Spielberg,"Richard Dreyfuss, François Truffaut, Teri Garr, Melinda Dillon, Bob Balaban"
Steel Magnolias VHS,Herbert Ross,"Sally Field, Dolly Parton, Shirley MacLaine, Daryl Hannah, Olympia Dukakis"
I Dream of Jeannie: Jeannie's Seein Stars VHS,"Barbara Eden, Larry Hagman, Bill Daily, Hayden Rorke, Emmaline Henry"
Easy Rider VHS,"Fonda, Hopper"
Stepmom VHS,Chris Columbus,"Julia Roberts, Susan Sarandon, Ed Harris, Jena Malone, Liam Aiken"
No Mercy,Richard Pearce,"Kim Basinger, Jeroen Crabbe, George Dzundza, Richard Gere"
Charlie's Angels - Angels in Chains VHS,"Austin, Ronald, Baron, Allen, Benedict, Richard, Black, John D.F., Bole, Cliff"
The Deep End of the Ocean VHS,Ulu Grosbard,"Michelle Pfeiffer, Treat Williams, Whoopi Goldberg, Jonathan Jackson, Cory Buck"
The Seventh Sign,"Demi Moore, Jürgen Prochnow, Michael Biehn"
Iron Eagle,Sidney J. Furie,"Louis Gossett Jr., Jason Gedrick, David Suchet, Larry B. Scott, Caroline Lagerfelt"
The Last Action Hero VHS,John McTiernan,"Arnold Schwarzenegger, F. Murray Abraham, Art Carney, Charles Dance, Frank McRae"
Bottle Rocket,Wes Anderson,"Luke Wilson, Owen Wilson, Andrew Wilson, Robert Musgrave, James Caan"
A Muppet Family Christmas VHS,"Eric Till, Peter Harris","Frank Oz, Dave Goelz, Richard Hunt, Kathryn Mullen, Jerry Nelson"
I Still Know What You Did Last Summer VHS,Danny Cannon,"Jennifer Love Hewitt, Freddie Prinze Jr., Brandy Norwood, Mekhi Phifer, Muse Watson"
Taxi Driver,Martin Scorsese,"Robert DeNiro, Jodie Foster, Albert Brooks, Harvey Keitel, Leonard Harris"
Nothing in Common VHS,Garry Marshall,"Tom Hanks, Jackie Gleason, Eva Marie Saint, Hector Elizondo, Barry Corbin"
Mel Brooks Collector Set VHS,Mel Brooks,"Cary Elwes, Mel Brooks, Gregory Hines, Madeline Kahn, Richard Lewis"
Nil By Mouth VHS,Gary Oldman,"Ray Winstone, Kathy Burke, Charlie Creed-Miles, Laila Morse, Edna Doré"
Resident Evil: Apocalypse,Alaxander Witt,"Milla Jovovich, Shaun Austin-Olsen, Mike Epps, Megan Fahlenbock, Oded Fehr"
The Prince of Tides VHS,Barbra Streisand,"Barbra Streisand, Nick Nolte, Blythe Danner, Kate Nelligan, Jeroen Krabbé"
Midnight Express,Alan Parker,"Brad Davis, Irene Miracle, Bo Hopkins, Paolo Bonacelli, Paul Smith"
SLC Punk,James Merendino,"Matthew Lillard, Annabeth Gish, Michael Goorjian, Michael A. Goorjian, Christopher McDonald"
Roxanne,Fred Schepisi,"Steve Martin, Daryl Hannah, Shelley Duvall, Rick Rossovich, Fred Willard"
Fright Night,Tom Holland,"Chris Sarandon, William Ragsdale, Roddy McDowall, Amanda Bearse, Stephen Geoffreys"
Pal Joey,George Sidney,"Rita Hayworth, Frank Sinatra, Kim Novak, Barbara Nichols, Bobby Sherwood"
The Messenger: The Story of Joan of Arc VHS,Luc Besson,"Milla Jovovich, John Malkovich, Rab Affleck, Stéphane Algoud, Edwin Apps"
Into Thin Air:Death on Everest VHS,Robert Markowitz,"Peter Horton, Nathaniel Parker, Richard Jenkins, Christopher McDonald, Tim Dutton"
Annie,John Huston,"Aileen Quinn, Albert Finney, Carol Burnett, Ann Reinking, Tim Curry"
Gen-X Cops,Benny Chan,"Nicholas Tse, Jackie Chan, Stephen Fung, Sam Lee, Grace Yip"
Only You VHS,Norman Jewison,"Marisa Tomei, Robert Downey Jr., Bonnie Hunt, Joaquim de Almeida, Fisher Stevens"
Eyes of Laura Mars,Irvin Kershner,"Faye Dunaway, Tommy Lee Jones, Brad Dourif, Rene Auberjonois, Raul Julia"
RUMPOLE OF THE BAILEY THE COMPLETE SERIES,"Leo McKern, Jonathan Coy, Julian Curry, Marion Mathie, Richard Murdoch"
The Fisher King,Terry Gilliam,"Jeff Bridges, Robin Williams, Mercedes Ruehl, Amanda Plummer, David Pierce"
A River Runs Through It,Robert Redford,"Craig Sheffer, Brad Pitt, Tom Skerritt, Brenda Blethyn, Emily Lloyd"
Hard Times,Walter Hill,"Charles Bronson, James Coburn, Jill Ireland, Strother Martin, Maggie Blye"
Monty Python and the Holy Grail,"Terry Gilliam, Terry Jones","Graham Chapman, John Cleese, Eric Idle, Terry Gilliam, Terry Jones"
The Adventures of Elmo in Grouchland,Gary Halvorson,"Vanessa Williams, Ruth Buzzi, Roscoe Orman, Mandy Patinkin"
Gattaca,Andrew Niccol,"Ethan Hawke, Uma Thurman, Jude Law, Gore Vidal, Xander Berkeley"
Age of Innocence VHS,Martin Scorsese,"Daniel Day-Lewis, Michelle Pfeiffer, Winona Ryder, Linda Faye Farkas, Michael Rees Davis"
Girl,Jonathan Kahn,"Dominique Swain, Sean Patrick Flanery, Summer Phoenix, Tara Reid, Selma Blair"
The Grudge,Sarah Michelle Gellar
Blue Thunder,John Badham,"Roy Scheider, Warren Oates, Malcolm McDowell, Candy Clark, Daniel Stern"
Absence of Malice,Sydney Pollack,"Paul Newman, Sally Field, Bob Balaban, Melinda Dillon, Wilford Brimley"
Educating Rita
Legend of Sleepy Hollow VHS,Legend of Sleepy Hollow
The Wages of Fear,Henri-Georges Clouzot,"Yves Montand, Charles Vanel, Peter van Eyck, Folco Lulli, Véra Clouzot"
"Puccini - Madama Butterfly / Arena, Kabaivanska, Antinori, Arena di Verona VHS",Brian Large,"Nazzareno Antinori, Gianni Brunelli, Mario Ferrara, Bruno Grella, Eleonora Jankovic"
Dante: Divine Comedy VHS,"Alan Mowbray, Tom D'Andrea, James Nolan"
"Johann Strauss - Die Fledermaus / Domingo, Te Kanawa, Prey, Royal Opera Covent Garden VHS",Humphrey Burton,"Kiri Te Kanawa, Hermann Prey, Dennis O'Neill (II), Hildegard Heichele, Paul Crook"
Samurai I: Musashi Miyamoto - Criterion Collection,Hiroshi Inagaki,"Toshirô Mifune, Mariko Okada, Rentarô Mikuni, Kurôemon Onoe, Kaoru Yachigusa"
Beauty and The Beast The Criterion Collection,Jean Cocteau,"Marcel André, Michel Auclair, Noël Blin, Josette Day, Janice Felty"
Fighting Elegy VHS,"Hideki Takahashi, Mitsuo Kataoka"
